program,n,spearman_r,perm_p_two_sided
Th2,88,-0.060404593375920405,0.5814185814185814
Th17,88,0.01927462992903201,0.8681318681318682
